{
    "generation": 60,
    "learnRate": 0.5,
    "mutationRate": 0.20000000298023225,
    "mutationStrength": 0.31449973583221438,
    "roundTime": 40.0,
    "avgGrades": [
        -3.9812023639678957,
        -3.9782021045684816,
        -3.961801528930664,
        -3.9704012870788576,
        -3.9526004791259767,
        -3.9556026458740236,
        -3.962599515914917,
        -3.961000442504883,
        -3.9560022354125978,
        -3.9498000144958498,
        -3.935600519180298,
        -3.9398012161254885,
        -3.937002658843994,
        -3.938601493835449,
        -3.9416017532348635,
        -3.9418020248413088,
        -3.9398019313812258,
        -3.932400703430176,
        -3.9314019680023195,
        -3.926802635192871,
        -3.921600580215454,
        -3.90939998626709,
        -3.8933987617492677,
        -3.8997995853424074,
        -3.896399736404419,
        -3.8922007083892824,
        -3.8766002655029299,
        -3.8722007274627687,
        -3.8723998069763185,
        -3.8700015544891359,
        -3.8592007160186769,
        -3.851600408554077,
        -3.838001012802124,
        -3.835599660873413,
        -3.8401994705200197,
        -3.8370001316070558,
        -3.826401472091675,
        -3.800400495529175,
        -3.802800178527832,
        -3.805999755859375,
        -3.7992000579833986,
        -3.787400484085083,
        -3.762000799179077,
        -3.7370009422302248,
        -3.7132012844085695,
        -3.712800979614258,
        -3.6868016719818117,
        -3.6932010650634767,
        -3.6532013416290285,
        -3.659000873565674,
        -3.644402265548706,
        -3.6174018383026125,
        -3.6058003902435304,
        -3.5820014476776125,
        -3.5772008895874025,
        -3.5362014770507814,
        -3.4900014400482179,
        -3.459000587463379,
        -3.428999900817871
    ],
    "weightsData": {
        "data": [
            0.0997528710065339,
            0.05439110387694467,
            0.05046452526784666,
            -0.007860736694916215,
            0.005808953447800226,
            0.012183012190337024,
            0.09708602161610654,
            -0.009435506138941917,
            -0.15231516159597204,
            -0.12181931248853308,
            -0.02848487888348817,
            0.05551124599095971,
            0.034967974514300729,
            0.09178648921602797,
            0.08460026024356446,
            0.10897265187578734,
            0.10805800238331881,
            0.02905522294789712,
            0.008390949775299205,
            -0.07850671743829026,
            -0.1414227055424488,
            0.09732164719253386,
            -0.014496467589500217,
            -0.01606955051754895,
            0.03432986321936806,
            -0.024446640791393829,
            -0.07156155518382757,
            0.04234002322939058,
            0.07446254377986741,
            0.029705138256082385,
            0.0035114657500140338,
            -0.05279300582809959,
            -0.04456274907177463,
            -0.14156488387151767,
            0.03655777910421201,
            -0.021454347784512906,
            -0.11876528947447079,
            -0.04463560265556549,
            -0.040099172463524537,
            0.05036003074425828,
            -0.0771752078330148,
            0.008180274921462257,
            0.05448219760214708,
            -0.027642880550358127,
            -0.12777205054645736,
            -0.1069279747281692,
            -0.17217127285650889,
            -0.08876369215381286,
            -0.029357007527727947,
            -0.11515985646222506,
            0.062271331273339617,
            0.07820752411482736,
            -0.019838287987096624,
            0.03998469422880016,
            0.012451340896075088,
            0.07900834657312797,
            0.315568955683748,
            -0.02158169181917971,
            0.029107476870711026,
            -0.08974864503859032,
            -0.06612844300439588,
            -0.04716440498318612,
            -0.1094844822302059,
            -0.02578234759557874,
            -0.03464766365135283,
            0.019622659463988384,
            0.047278754875760917,
            0.013886273925519059,
            0.07234145687811183,
            -0.09695917375055902,
            -0.052955470642654729,
            -0.0695899762357536,
            -0.09834291918963353,
            0.09496449524851902,
            0.09017995425004974,
            -0.07532282622090335,
            -0.04569824250887726,
            0.211496420461444,
            -0.14537253604744514,
            0.013578855913942329,
            -0.02872882339200231,
            -0.02491688880662848,
            -0.06508013566017022,
            0.0514596419275726,
            0.231388799787008,
            0.03964366783611603,
            -0.04692064141250861,
            -0.05137212563294587,
            0.09537732105099514,
            -0.015149806187134477,
            -0.0469608019896155,
            0.1281024462315009,
            0.04736996038460255,
            0.015395331427032384,
            -0.09412887067469035,
            0.002433935534226085,
            0.10406320150012907,
            -0.13901387600760713,
            0.050182306849767838,
            0.043511041678783269,
            -0.11171717322561217,
            0.0385765527050702,
            -0.049982610279348489,
            0.023651289330561839,
            -0.0644711804035798,
            0.00956058448066594,
            0.056217012474101418,
            0.042061882149348219,
            -0.032555877648043119,
            0.06836025922154866,
            -0.16144973291895657,
            -0.10510337038593648,
            -0.11790821365452549,
            0.12223851393245712,
            -0.010079298774930789,
            0.04260476689005602,
            0.04262163807761292,
            -0.09763509069055676,
            -0.12352635044350116,
            0.0798783074575091,
            -0.06141043196713458,
            0.053766856735856887,
            -0.05629369496354161,
            -0.09271062456443434,
            -0.017251848220818885,
            -0.04573272413791057,
            0.04293982422719135,
            -0.04710876013293071,
            0.154521481630156,
            0.05000998569011585,
            -0.045173356375573407,
            0.028617864057039166,
            -0.05134094414872537,
            0.03732821176793773,
            -0.03680652521149508,
            0.051712632166586589,
            0.1375901811911007,
            0.06014414749108065,
            -0.06302936924721184,
            -0.12809518699009737,
            0.23418641693274873,
            0.013684273873843429,
            0.20718108503057293,
            0.06151201911842793,
            -0.05141230219141492,
            -0.07659610063726208,
            -0.060631907295209088,
            0.21625559470706966,
            0.03533073496190513,
            0.04057976859713573,
            0.12819907199076237,
            -0.06557065393172573,
            -0.03742502970274844,
            0.03565387197507111,
            0.03697570572608805,
            -0.08316436044948755,
            -0.0190766609286735,
            -0.07726904099999529,
            0.08461857545202639,
            0.017259753591630568,
            0.008249723725160575,
            0.10643848361620219,
            -0.013613787432626645,
            -0.002796946688985848,
            -0.026372032945930786,
            0.08205852955329869,
            -0.037343955971979047,
            0.10375913440082368,
            0.06468488999550729,
            -0.054824234952081888,
            0.1238885183632561,
            0.023613072241612355,
            0.05379036020399128,
            -0.025826965492741897,
            -0.046690031024283987,
            0.2424760736476875,
            0.045007808823830947,
            -0.11950706260076441,
            -0.12408574273867762,
            0.033557321948338967,
            0.082945546500567,
